<resources>
    <color name="md_theme_primary">#516600</color>
    <color name="md_theme_onPrimary">#FFFFFF</color>
    <color name="md_theme_primaryContainer">#C5EB4F</color>
    <color name="md_theme_onPrimaryContainer">#536900</color>
    <color name="md_theme_secondary">#004786</color>
    <color name="md_theme_onSecondary">#FFFFFF</color>
    <color name="md_theme_secondaryContainer">#205FA6</color>
    <color name="md_theme_onSecondaryContainer">#C4DAFF</color>
    <color name="md_theme_tertiary">#39181E</color>
    <color name="md_theme_onTertiary">#FFFFFF</color>
    <color name="md_theme_tertiaryContainer">#522D33</color>
    <color name="md_theme_onTertiaryContainer">#C7949A</color>
    <color name="md_theme_error">#BA1A1A</color>
    <color name="md_theme_onError">#FFFFFF</color>
    <color name="md_theme_errorContainer">#FFDAD6</color>
    <color name="md_theme_onErrorContainer">#93000A</color>
    <color name="md_theme_background">#FAFBE9</color>
    <color name="md_theme_onBackground">#1A1D12</color>
    <color name="md_theme_surface">#FBF8FC</color>
    <color name="md_theme_onSurface">#1B1B1E</color>
    <color name="md_theme_surfaceVariant">#E2E2EB</color>
    <color name="md_theme_onSurfaceVariant">#45464E</color>
    <color name="md_theme_outline">#76767E</color>
    <color name="md_theme_outlineVariant">#C6C6CE</color>
    <color name="md_theme_scrim">#000000</color>
    <color name="md_theme_inverseSurface">#303033</color>
    <color name="md_theme_inverseOnSurface">#F3F0F3</color>
    <color name="md_theme_inversePrimary">#AFD43A</color>
    <color name="md_theme_primaryFixed">#CBF154</color>
    <color name="md_theme_onPrimaryFixed">#161E00</color>
    <color name="md_theme_primaryFixedDim">#AFD43A</color>
    <color name="md_theme_onPrimaryFixedVariant">#3C4D00</color>
    <color name="md_theme_secondaryFixed">#D5E3FF</color>
    <color name="md_theme_onSecondaryFixed">#001C3B</color>
    <color name="md_theme_secondaryFixedDim">#A6C8FF</color>
    <color name="md_theme_onSecondaryFixedVariant">#004786</color>
    <color name="md_theme_tertiaryFixed">#FFD9DD</color>
    <color name="md_theme_onTertiaryFixed">#311117</color>
    <color name="md_theme_tertiaryFixedDim">#EFB8BF</color>
    <color name="md_theme_onTertiaryFixedVariant">#633C42</color>
    <color name="md_theme_surfaceDim">#DCD9DC</color>
    <color name="md_theme_surfaceBright">#FBF8FC</color>
    <color name="md_theme_surfaceContainerLowest">#FFFFFF</color>
    <color name="md_theme_surfaceContainerLow">#F5F3F6</color>
    <color name="md_theme_surfaceContainer">#F0EDF0</color>
    <color name="md_theme_surfaceContainerHigh">#EAE7EA</color>
    <color name="md_theme_surfaceContainerHighest">#E4E2E5</color>
    <color name="md_theme_primary_mediumContrast">#2D3B00</color>
    <color name="md_theme_onPrimary_mediumContrast">#FFFFFF</color>
    <color name="md_theme_primaryContainer_mediumContrast">#5D7600</color>
    <color name="md_theme_onPrimaryContainer_mediumContrast">#FFFFFF</color>
    <color name="md_theme_secondary_mediumContrast">#003669</color>
    <color name="md_theme_onSecondary_mediumContrast">#FFFFFF</color>
    <color name="md_theme_secondaryContainer_mediumContrast">#205FA6</color>
    <color name="md_theme_onSecondaryContainer_mediumContrast">#FFFFFF</color>
    <color name="md_theme_tertiary_mediumContrast">#39181E</color>
    <color name="md_theme_onTertiary_mediumContrast">#FFFFFF</color>
    <color name="md_theme_tertiaryContainer_mediumContrast">#522D33</color>
    <color name="md_theme_onTertiaryContainer_mediumContrast">#F2BBC1</color>
    <color name="md_theme_error_mediumContrast">#740006</color>
    <color name="md_theme_onError_mediumContrast">#FFFFFF</color>
    <color name="md_theme_errorContainer_mediumContrast">#CF2C27</color>
    <color name="md_theme_onErrorContainer_mediumContrast">#FFFFFF</color>
    <color name="md_theme_background_mediumContrast">#FAFBE9</color>
    <color name="md_theme_onBackground_mediumContrast">#1A1D12</color>
    <color name="md_theme_surface_mediumContrast">#FBF8FC</color>
    <color name="md_theme_onSurface_mediumContrast">#111113</color>
    <color name="md_theme_surfaceVariant_mediumContrast">#E2E2EB</color>
    <color name="md_theme_onSurfaceVariant_mediumContrast">#34363D</color>
    <color name="md_theme_outline_mediumContrast">#515259</color>
    <color name="md_theme_outlineVariant_mediumContrast">#6C6C74</color>
    <color name="md_theme_scrim_mediumContrast">#000000</color>
    <color name="md_theme_inverseSurface_mediumContrast">#303033</color>
    <color name="md_theme_inverseOnSurface_mediumContrast">#F3F0F3</color>
    <color name="md_theme_inversePrimary_mediumContrast">#AFD43A</color>
    <color name="md_theme_primaryFixed_mediumContrast">#5D7600</color>
    <color name="md_theme_onPrimaryFixed_mediumContrast">#FFFFFF</color>
    <color name="md_theme_primaryFixedDim_mediumContrast">#485C00</color>
    <color name="md_theme_onPrimaryFixedVariant_mediumContrast">#FFFFFF</color>
    <color name="md_theme_secondaryFixed_mediumContrast">#346EB6</color>
    <color name="md_theme_onSecondaryFixed_mediumContrast">#FFFFFF</color>
    <color name="md_theme_secondaryFixedDim_mediumContrast">#0E559C</color>
    <color name="md_theme_onSecondaryFixedVariant_mediumContrast">#FFFFFF</color>
    <color name="md_theme_tertiaryFixed_mediumContrast">#8E6167</color>
    <color name="md_theme_onTertiaryFixed_mediumContrast">#FFFFFF</color>
    <color name="md_theme_tertiaryFixedDim_mediumContrast">#73494F</color>
    <color name="md_theme_onTertiaryFixedVariant_mediumContrast">#FFFFFF</color>
    <color name="md_theme_surfaceDim_mediumContrast">#C8C6C9</color>
    <color name="md_theme_surfaceBright_mediumContrast">#FBF8FC</color>
    <color name="md_theme_surfaceContainerLowest_mediumContrast">#FFFFFF</color>
    <color name="md_theme_surfaceContainerLow_mediumContrast">#F5F3F6</color>
    <color name="md_theme_surfaceContainer_mediumContrast">#EAE7EA</color>
    <color name="md_theme_surfaceContainerHigh_mediumContrast">#DEDCDF</color>
    <color name="md_theme_surfaceContainerHighest_mediumContrast">#D3D1D4</color>
    <color name="md_theme_primary_highContrast">#253000</color>
    <color name="md_theme_onPrimary_highContrast">#FFFFFF</color>
    <color name="md_theme_primaryContainer_highContrast">#3E4F00</color>
    <color name="md_theme_onPrimaryContainer_highContrast">#FFFFFF</color>
    <color name="md_theme_secondary_highContrast">#002C58</color>
    <color name="md_theme_onSecondary_highContrast">#FFFFFF</color>
    <color name="md_theme_secondaryContainer_highContrast">#00498B</color>
    <color name="md_theme_onSecondaryContainer_highContrast">#FFFFFF</color>
    <color name="md_theme_tertiary_highContrast">#39181E</color>
    <color name="md_theme_onTertiary_highContrast">#FFFFFF</color>
    <color name="md_theme_tertiaryContainer_highContrast">#522D33</color>
    <color name="md_theme_onTertiaryContainer_highContrast">#FFF6F6</color>
    <color name="md_theme_error_highContrast">#600004</color>
    <color name="md_theme_onError_highContrast">#FFFFFF</color>
    <color name="md_theme_errorContainer_highContrast">#98000A</color>
    <color name="md_theme_onErrorContainer_highContrast">#FFFFFF</color>
    <color name="md_theme_background_highContrast">#FAFBE9</color>
    <color name="md_theme_onBackground_highContrast">#1A1D12</color>
    <color name="md_theme_surface_highContrast">#FBF8FC</color>
    <color name="md_theme_onSurface_highContrast">#000000</color>
    <color name="md_theme_surfaceVariant_highContrast">#E2E2EB</color>
    <color name="md_theme_onSurfaceVariant_highContrast">#000000</color>
    <color name="md_theme_outline_highContrast">#2A2C33</color>
    <color name="md_theme_outlineVariant_highContrast">#484950</color>
    <color name="md_theme_scrim_highContrast">#000000</color>
    <color name="md_theme_inverseSurface_highContrast">#303033</color>
    <color name="md_theme_inverseOnSurface_highContrast">#FFFFFF</color>
    <color name="md_theme_inversePrimary_highContrast">#AFD43A</color>
    <color name="md_theme_primaryFixed_highContrast">#3E4F00</color>
    <color name="md_theme_onPrimaryFixed_highContrast">#FFFFFF</color>
    <color name="md_theme_primaryFixedDim_highContrast">#2A3700</color>
    <color name="md_theme_onPrimaryFixedVariant_highContrast">#FFFFFF</color>
    <color name="md_theme_secondaryFixed_highContrast">#00498B</color>
    <color name="md_theme_onSecondaryFixed_highContrast">#FFFFFF</color>
    <color name="md_theme_secondaryFixedDim_highContrast">#003363</color>
    <color name="md_theme_onSecondaryFixedVariant_highContrast">#FFFFFF</color>
    <color name="md_theme_tertiaryFixed_highContrast">#663E44</color>
    <color name="md_theme_onTertiaryFixed_highContrast">#FFFFFF</color>
    <color name="md_theme_tertiaryFixedDim_highContrast">#4C282E</color>
    <color name="md_theme_onTertiaryFixedVariant_highContrast">#FFFFFF</color>
    <color name="md_theme_surfaceDim_highContrast">#BAB8BB</color>
    <color name="md_theme_surfaceBright_highContrast">#FBF8FC</color>
    <color name="md_theme_surfaceContainerLowest_highContrast">#FFFFFF</color>
    <color name="md_theme_surfaceContainerLow_highContrast">#F3F0F3</color>
    <color name="md_theme_surfaceContainer_highContrast">#E4E2E5</color>
    <color name="md_theme_surfaceContainerHigh_highContrast">#D6D4D7</color>
    <color name="md_theme_surfaceContainerHighest_highContrast">#C8C6C9</color>
    <color name="colorCustomColor1">#705D00</color>
    <color name="colorOnCustomColor1">#FFFFFF</color>
    <color name="colorCustomColor1Container">#EECE50</color>
    <color name="colorOnCustomColor1Container">#695700</color>
    <color name="colorCustomColor2">#000000</color>
    <color name="colorOnCustomColor2">#FFFFFF</color>
    <color name="colorCustomColor2Container">#0F1A37</color>
    <color name="colorOnCustomColor2Container">#7983A5</color>
    <color name="colorCustomColor1_mediumContrast">#413500</color>
    <color name="colorOnCustomColor1_mediumContrast">#FFFFFF</color>
    <color name="colorCustomColor1Container_mediumContrast">#816B00</color>
    <color name="colorOnCustomColor1Container_mediumContrast">#FFFFFF</color>
    <color name="colorCustomColor2_mediumContrast">#000000</color>
    <color name="colorOnCustomColor2_mediumContrast">#FFFFFF</color>
    <color name="colorCustomColor2Container_mediumContrast">#0F1A37</color>
    <color name="colorOnCustomColor2Container_mediumContrast">#9CA6CA</color>
    <color name="colorCustomColor1_highContrast">#362B00</color>
    <color name="colorOnCustomColor1_highContrast">#FFFFFF</color>
    <color name="colorCustomColor1Container_highContrast">#574800</color>
    <color name="colorOnCustomColor1Container_highContrast">#FFFFFF</color>
    <color name="colorCustomColor2_highContrast">#000000</color>
    <color name="colorOnCustomColor2_highContrast">#FFFFFF</color>
    <color name="colorCustomColor2Container_highContrast">#0F1A37</color>
    <color name="colorOnCustomColor2Container_highContrast">#C5CFF5</color>
</resources>
